"link";"category";"common name";"species name";"country"
2;"Indian krait";"Bungarus caeruleus";"Afghanistan"
2;"Sind krait";"Bungarus sindanus";"Afghanistan"
1;"Saw-scaled viper";"Echis carinatus";"Afghanistan"
2;"MacMahon's viper";"Eristicophis macmahonii";"Afghanistan"
2;"Halys pitviper";"Gloydius halys";"Afghanistan"
1;"Levant viper";"Macrovipera lebetina";"Afghanistan"
2;"Indian cobra";"Naja naja";"Afghanistan"
1;"Central Asian cobra";"Naja oxiana";"Afghanistan"
1;"Nose-horned viper";"Vipera ammodytes";"Albania"
2;"European adder";"Vipera berus";"Albania"
2;"Meadow viper";"Vipera ursinii";"Albania"
1;"Horned viper";"Cerastes cerastes";"Algeria"
2;"Desert viper";"Daboia deserti";"Algeria"
1;"Moorish viper";"Daboia mauritanica";"Algeria"
2;"White-bellied carpet viper";"Echis leucogaster";"Algeria"
2;"Levant viper";"Macrovipera lebetina";"Algeria"
1;"Egyptian cobra";"Naja haje";"Algeria"
2;"Lataste's viper";"Vipera latastei";"Algeria"
2;"Variable bush viper";"Atheris squamigera";"Angola"
2;"Bibron's burrowing asp";"Atractaspis bibronii";"Angola"
2;"Variable burrowing asp";"Atractaspis irregularis";"Angola"
1;"Puff adder";"Bitis arietans";"Angola"
1;"East African Gaboon viper";"Bitis gabonica";"Angola"
2;"Rhinoceros viper";"Bitis nasicornis";"Angola"
1;"Jameson's mamba";"Dendroaspis jamesoni";"Angola"
1;"Black mamba";"Dendroaspis polylepis";"Angola"
2;"Boomslang";"Dispholidus typus";"Angola"
1;"Anchieta's cobra";"Naja anchietae";"Angola"
2;"Christy's water cobra";"Naja christyi";"Angola"
1;"Forest cobra";"Naja melanoleuca";"Angola"
2;"Mozambique spitting cobra";"Naja mossambica";"Angola"
2;"Zebra cobra";"Naja nigricincta";"Angola"
1;"Black-necked spitting cobra";"Naja nigricollis";"Angola"
2;"Gold's tree cobra";"Pseudohaje goldii";"Angola"
2;"Savanna vine or twig snake";"Thelotornis capensis";"Angola"
2;"Forest vine or twig snake";"Thelotornis kirtlandii";"Angola"
1;"Urutu";"Bothrops alternatus";"Argentina"
2;"Patagonian lancehead";"Bothrops ammodytoides";"Argentina"
1;"Chaco lancehead";"Bothrops diporus";"Argentina"
2;"Jararaca";"Bothrops jararaca";"Argentina"
2;"Jararacussu";"Bothrops jararacussu";"Argentina"
2;"Mato Grosso lancehead";"Bothrops mattogrossensis";"Argentina"
2;"Neuwied's lancehead";"Bothrops neuwiedi";"Argentina"
2;"Pampas lancehead";"Bothrops pubescens";"Argentina"
1;"South American rattlesnake";"Crotalus durissus";"Argentina"
2;"Painted coralsnake";"Micrurus corallinus";"Argentina"
2;"South American coralsnake";"Micrurus lemniscatus";"Argentina"
2;"Coralsnakes";"Micrurus spp.";"Argentina"
1;"Levant viper";"Macrovipera lebetina";"Armenia"
2;"Caucasus viper";"Montivipera raddei";"Armenia"
2;"Armenian adder";"Vipera eriwanensis";"Armenia"
2;"Adders";"Vipera spp.";"Armenia"
1;"South American rattlesnake";"Crotalus durissus";"Aruba"
2;"Common death adder";"Acanthophis antarcticus";"Australia"
2;"Death adders";"Acanthophis spp.";"Australia"
2;"Australian copperheads";"Austrelaps spp.";"Australia"
2;"Broad headed snakes";"Hoplocephalus spp.";"Australia"
1;"Tiger snake";"Notechis scutatus";"Australia"
2;"Inland taipan";"Oxyuranus microlepidotus";"Australia"
2;"Taipan";"Oxyuranus scutellatus";"Australia"
2;"Western ranges taipan";"Oxyuranus temporalis";"Australia"
1;"Mulga snake";"Pseudechis australis";"Australia"
2;"Australasian blacksnakes";"Pseudechis spp.";"Australia"
1;"Dugite";"Pseudonaja affinis";"Australia"
2;"Shield-snouted brownsnake";"Pseudonaja aspidorhyncha";"Australia"
1;"Gwardar";"Pseudonaja mengdeni";"Australia"
1;"Western brownsnake";"Pseudonaja nuchalis";"Australia"
2;"Australian brownsnakes";"Pseudonaja spp.";"Australia"
1;"Common brownsnake";"Pseudonaja textilis";"Australia"
2;"Rough-scaled snake";"Tropidechis carinatus";"Australia"
2;"Nose-horned viper";"Vipera ammodytes";"Austria"
2;"European adder";"Vipera berus";"Austria"
2;"Halys pitviper";"Gloydius halys";"Azerbaijan"
1;"Levant viper";"Macrovipera lebetina";"Azerbaijan"
2;"Armenian adder";"Vipera eriwanensis";"Azerbaijan"
2;"Adders";"Vipera spp.";"Azerbaijan"
2;"Northeastern hill krait";"Bungarus bungaroides";"Bangladesh"
1;"Indian krait";"Bungarus caeruleus";"Bangladesh"
2;"Banded krait";"Bungarus fasciatus";"Bangladesh"
2;"Lesser black krait";"Bungarus lividus";"Bangladesh"
1;"Greater black krait";"Bungarus niger";"Bangladesh"
1;"Wall's krait";"Bungarus walli";"Bangladesh"
2;"White-lipped pitviper";"Cryptelytrops albolabris";"Bangladesh"
1;"Bamboo pitviper";"Cryptelytrops erythrurus";"Bangladesh"
2;"Russell's viper";"Daboia russelii";"Bangladesh"
1;"Monocellate cobra";"Naja kaouthia";"Bangladesh"
2;"Indian cobra";"Naja naja";"Bangladesh"
2;"King cobra";"Ophiophagus hannah";"Bangladesh"
2;"European adder";"Vipera berus";"Belarus"
2;"European adder";"Vipera berus";"Belgium"
2;"Common cantil";"Agkistrodon bilineatus";"Belize"
2;"Central American jumping pitviper";"Atropoides mexicanus";"Belize"
2;"Eyelash palm-pitviper";"Bothriechis schlegelii";"Belize"
1;"Terciopelo";"Bothrops asper";"Belize"
2;"Tzabcan rattlesnake";"Crotalus tzabcan";"Belize"
2;"Coralsnakes";"Micrurus spp.";"Belize"
2;"Rainforest hognosed pitviper";"Porthidium nasutum";"Belize"
2;"Variable burrowing asp";"Atractaspis irregularis";"Benin"
1;"Puff adder";"Bitis arietans";"Benin"
2;"West African Gaboon viper";"Bitis rhinoceros";"Benin"
2;"Jameson's mamba";"Dendroaspis jamesoni";"Benin"
2;"Boomslang";"Dispholidus typus";"Benin"
2;"White-bellied carpet viper";"Echis leucogaster";"Benin"
1;"West African carpet viper";"Echis ocellatus";"Benin"
2;"West African brown spitting cobra";"Naja katiensis";"Benin"
2;"Forest cobra";"Naja melanoleuca";"Benin"
1;"Black-necked spitting cobra";"Naja nigricollis";"Benin"
2;"Senegalese cobra";"Naja senegalensis";"Benin"
2;"Black tree cobra";"Pseudohaje nigra";"Benin"
2;"Indian krait";"Bungarus caeruleus";"Bhutan"
2;"Banded krait";"Bungarus fasciatus";"Bhutan"
2;"Lesser black krait";"Bungarus lividus";"Bhutan"
1;"Greater black krait";"Bungarus niger";"Bhutan"
2;"Bamboo pitviper";"Cryptelytrops erythrurus";"Bhutan"
2;"Russell's viper";"Daboia russelii";"Bhutan"
2;"Monocellate cobra";"Naja kaouthia";"Bhutan"
1;"Indian cobra";"Naja naja";"Bhutan"
2;"King cobra";"Ophiophagus hannah";"Bhutan"
2;"Jerdon's pitviper";"Protobothrops jerdonii";"Bhutan"
2;"Amazonian toad-headed pitviper";"Bothrocophias hyoprora";"Bolivia (Plurinational State of)"
2;"Small-eyed toad-headed pitviper";"Bothrocophias microphthalmus";"Bolivia (Plurinational State of)"
1;"Common lancehead";"Bothrops atrox";"Bolivia (Plurinational State of)"
2;"Two-striped forest-pitviper";"Bothrops bilineatus";"Bolivia (Plurinational State of)"
2;"Brazil's lancehead";"Bothrops brazili";"Bolivia (Plurinational State of)"
2;"Jararacussu";"Bothrops jararacussu";"Bolivia (Plurinational State of)"
2;"Cochabamba lancehead";"Bothrops jonathani";"Bolivia (Plurinational State of)"
1;"Mato Grosso lancehead";"Bothrops mattogrossensis";"Bolivia (Plurinational State of)"
2;"Brazilian lancehead";"Bothrops moojeni";"Bolivia (Plurinational State of)"
2;"Bolivian lancehead";"Bothrops sanctaecrucis";"Bolivia (Plurinational State of)"
2;"Lanceheads";"Bothrops spp.";"Bolivia (Plurinational State of)"
2;"Speckled forest-pitviper";"Bothrops taeniatus";"Bolivia (Plurinational State of)"
1;"South American rattlesnake";"Crotalus durissus";"Bolivia (Plurinational State of)"
2;"Bushmaster";"Lachesis muta";"Bolivia (Plurinational State of)"
2;"South American coralsnake";"Micrurus lemniscatus";"Bolivia (Plurinational State of)"
2;"Amazonian coralsnake";"Micrurus spixii";"Bolivia (Plurinational State of)"
2;"Coralsnakes";"Micrurus spp.";"Bolivia (Plurinational State of)"
2;"Aquatic coralsnake";"Micrurus surinamensis";"Bolivia (Plurinational State of)"
1;"Nose-horned viper";"Vipera ammodytes";"Bosnia and Herzegovina"
2;"European adder";"Vipera berus";"Bosnia and Herzegovina"
2;"Meadow viper";"Vipera ursinii";"Bosnia and Herzegovina"
2;"Bibron's burrowing asp";"Atractaspis bibronii";"Botswana"
1;"Puff adder";"Bitis arietans";"Botswana"
1;"Black mamba";"Dendroaspis polylepis";"Botswana"
2;"Boomslang";"Dispholidus typus";"Botswana"
1;"Anchieta's cobra";"Naja anchietae";"Botswana"
1;"Snouted cobra";"Naja annulifera";"Botswana"
1;"Mozambique spitting cobra";"Naja mossambica";"Botswana"
1;"Cape cobra";"Naja nivea";"Botswana"
2;"Savanna vine or twig snake";"Thelotornis capensis";"Botswana"
2;"Amazonian toad-headed pitviper";"Bothrocophias hyoprora";"Brazil"
2;"Small-eyed toad-headed pitviper";"Bothrocophias microphthalmus";"Brazil"
2;"Urutu";"Bothrops alternatus";"Brazil"
1;"Common lancehead";"Bothrops atrox";"Brazil"
2;"Two-striped forest-pitviper";"Bothrops bilineatus";"Brazil"
2;"Brazil's lancehead";"Bothrops brazili";"Brazil"
2;"Chaco lancehead";"Bothrops diporus";"Brazil"
1;"Jararaca";"Bothrops jararaca";"Brazil"
1;"Jararacussu";"Bothrops jararacussu";"Brazil"
1;"Bahia lancehead";"Bothrops leucurus";"Brazil"
2;"Mato Grosso lancehead";"Bothrops mattogrossensis";"Brazil"
1;"Brazilian lancehead";"Bothrops moojeni";"Brazil"
2;"Neuwied's lancehead";"Bothrops neuwiedi";"Brazil"
2;"Pampas lancehead";"Bothrops pubescens";"Brazil"
2;"Lanceheads";"Bothrops spp.";"Brazil"
2;"Speckled forest-pitviper";"Bothrops taeniatus";"Brazil"
1;"South American rattlesnake";"Crotalus durissus";"Brazil"
2;"Bushmaster";"Lachesis muta";"Brazil"
2;"Painted coralsnake";"Micrurus corallinus";"Brazil"
2;"South American coralsnake";"Micrurus lemniscatus";"Brazil"
2;"Amazonian coralsnake";"Micrurus spixii";"Brazil"
2;"Coralsnakes";"Micrurus spp.";"Brazil"
2;"Aquatic coralsnake";"Micrurus surinamensis";"Brazil"
2;"Banded krait";"Bungarus fasciatus";"Brunei Darussalam"
2;"Red-headed krait";"Bungarus flaviceps";"Brunei Darussalam"
2;"Blue coralsnake";"Calliophis bivirgatus";"Brunei Darussalam"
2;"Striped coralsnake";"Calliophis intestinalis";"Brunei Darussalam"
1;"Equatorial spitting cobra";"Naja sumatrana";"Brunei Darussalam"
2;"King cobra";"Ophiophagus hannah";"Brunei Darussalam"
2;"Sumatran pitviper";"Parias sumatranus";"Brunei Darussalam"
2;"North Philippine temple pitviper";"Tropidolaemus subannulatus";"Brunei Darussalam"
1;"Nose-horned viper";"Vipera ammodytes";"Bulgaria"
2;"European adder";"Vipera berus";"Bulgaria"
2;"Meadow viper";"Vipera ursinii";"Bulgaria"
1;"Puff adder";"Bitis arietans";"Burkina Faso"
2;"Black mamba";"Dendroaspis polylepis";"Burkina Faso"
2;"Boomslang";"Dispholidus typus";"Burkina Faso"
2;"White-bellied carpet viper";"Echis leucogaster";"Burkina Faso"
1;"West African carpet viper";"Echis ocellatus";"Burkina Faso"
1;"West African brown spitting cobra";"Naja katiensis";"Burkina Faso"
2;"Forest cobra";"Naja melanoleuca";"Burkina Faso"
1;"Black-necked spitting cobra";"Naja nigricollis";"Burkina Faso"
2;"Senegalese cobra";"Naja senegalensis";"Burkina Faso"
2;"Bibron's burrowing asp";"Atractaspis bibronii";"Burundi"
2;"Variable burrowing asp";"Atractaspis irregularis";"Burundi"
1;"Puff adder";"Bitis arietans";"Burundi"
2;"East African Gaboon viper";"Bitis gabonica";"Burundi"
2;"Rhinoceros viper";"Bitis nasicornis";"Burundi"
2;"Jameson's mamba";"Dendroaspis jamesoni";"Burundi"
2;"Boomslang";"Dispholidus typus";"Burundi"
1;"Forest cobra";"Naja melanoleuca";"Burundi"
1;"Black-necked spitting cobra";"Naja nigricollis";"Burundi"
2;"Mozambique vine snake";"Thelotornis mossambicanus";"Burundi"
1;"Malayan krait";"Bungarus candidus";"Cambodia"
2;"Banded krait";"Bungarus fasciatus";"Cambodia"
2;"Red-headed krait";"Bungarus flaviceps";"Cambodia"
1;"Malayan pitviper";"Calloselasma rhodostoma";"Cambodia"
1;"White-lipped pitviper";"Cryptelytrops albolabris";"Cambodia"
2;"Big-eyed pitviper";"Cryptelytrops macrops";"Cambodia"
1;"Siamese Russell's viper";"Daboia siamensis";"Cambodia"
1;"Monocellate cobra";"Naja kaouthia";"Cambodia"
1;"Siamese spitting cobra";"Naja siamensis";"Cambodia"
2;"King cobra";"Ophiophagus hannah";"Cambodia"
2;"Broadley's bush viper";"Atheris broadleyi";"Cameroon"
2;"Variable bush viper";"Atheris squamigera";"Cameroon"
2;"Variable burrowing asp";"Atractaspis irregularis";"Cameroon"
1;"Puff adder";"Bitis arietans";"Cameroon"
1;"East African Gaboon viper";"Bitis gabonica";"Cameroon"
1;"Rhinoceros viper";"Bitis nasicornis";"Cameroon"
1;"Jameson's mamba";"Dendroaspis jamesoni";"Cameroon"
2;"Black mamba";"Dendroaspis polylepis";"Cameroon"
2;"Boomslang";"Dispholidus typus";"Cameroon"
1;"West African carpet viper";"Echis ocellatus";"Cameroon"
2;"Banded water cobra";"Naja annulata";"Cameroon"
1;"Egyptian cobra";"Naja haje";"Cameroon"
2;"West African brown spitting cobra";"Naja katiensis";"Cameroon"
1;"Forest cobra";"Naja melanoleuca";"Cameroon"
1;"Black-necked spitting cobra";"Naja nigricollis";"Cameroon"
2;"Gold's tree cobra";"Pseudohaje goldii";"Cameroon"
2;"Forest vine or twig snake";"Thelotornis kirtlandii";"Cameroon"
2;"North Pacific rattlesnake";"Crotalus oreganus";"Canada"
2;"Western rattlesnake";"Crotalus viridis";"Canada"
2;"Massasauga";"Sistrurus catenatus";"Canada"
2;"Broadley's bush viper";"Atheris broadleyi";"Central African Republic"
2;"Variable bush viper";"Atheris squamigera";"Central African Republic"
2;"Variable burrowing asp";"Atractaspis irregularis";"Central African Republic"
1;"Puff adder";"Bitis arietans";"Central African Republic"
1;"East African Gaboon viper";"Bitis gabonica";"Central African Republic"
2;"Rhinoceros viper";"Bitis nasicornis";"Central African Republic"
1;"Jameson's mamba";"Dendroaspis jamesoni";"Central African Republic"
1;"Black mamba";"Dendroaspis polylepis";"Central African Republic"
2;"Boomslang";"Dispholidus typus";"Central African Republic"
1;"West African carpet viper";"Echis ocellatus";"Central African Republic"
1;"East African carpet viper";"Echis pyramidum";"Central African Republic"
2;"Banded water cobra";"Naja annulata";"Central African Republic"
1;"Egyptian cobra";"Naja haje";"Central African Republic"
2;"Forest cobra";"Naja melanoleuca";"Central African Republic"
1;"Black-necked spitting cobra";"Naja nigricollis";"Central African Republic"
2;"Gold's tree cobra";"Pseudohaje goldii";"Central African Republic"
2;"Forest vine or twig snake";"Thelotornis kirtlandii";"Central African Republic"
1;"Puff adder";"Bitis arietans";"Chad"
2;"Horned viper";"Cerastes cerastes";"Chad"
2;"Boomslang";"Dispholidus typus";"Chad"
1;"West African carpet viper";"Echis ocellatus";"Chad"
1;"Egyptian cobra";"Naja haje";"Chad"
2;"West African brown spitting cobra";"Naja katiensis";"Chad"
1;"Black-necked spitting cobra";"Naja nigricollis";"Chad"
2;"Nubian spitting cobra";"Naja nubiae";"Chad"
2;"Northeastern hill krait";"Bungarus bungaroides";"China"
2;"Banded krait";"Bungarus fasciatus";"China"
1;"Many-banded krait";"Bungarus multicinctus";"China"
1;"White-lipped pitviper";"Cryptelytrops albolabris";"China"
1;"Siamese Russell's viper";"Daboia siamensis";"China"
1;"Sharp-nosed pitviper";"Deinagkistrodon acutus";"China"
1;"Short-tailed Mamushi";"Gloydius brevicaudus";"China"
2;"Halys pitviper";"Gloydius halys";"China"
2;"Central Asian pitviper";"Gloydius intermedius";"China"
2;"Ussuri Mamushi";"Gloydius ussuriensis";"China"
2;"Tibetan pitviper";"Himalayophis tibetanus";"China"
1;"Chinese cobra";"Naja atra";"China"
2;"Monocellate cobra";"Naja kaouthia";"China"
2;"King cobra";"Ophiophagus hannah";"China"
2;"Jerdon's pitviper";"Protobothrops jerdonii";"China"
2;"Kaulback's lance-headed pitviper";"Protobothrops kaulbacki";"China"
2;"Mangshan pitviper";"Protobothrops mangshanensis";"China"
1;"Brown-spotted pitviper";"Protobothrops mucrosquamatus";"China"
2;"Japanese keelback";"Rhabdophis tigrinus";"China"
2;"European adder";"Vipera berus";"China"
2;"Steppe viper";"Vipera renardi";"China"
2;"Stejneger's bamboo pitviper";"Viridovipera stejnegeri";"China"
2;"Eyelash palm-pitviper";"Bothriechis schlegelii";"Colombia"
2;"Amazonian toad-headed pitviper";"Bothrocophias hyoprora";"Colombia"
2;"Small-eyed toad-headed pitviper";"Bothrocophias microphthalmus";"Colombia"
2;"Toad-headed pitvipers";"Bothrocophias spp.";"Colombia"
1;"Terciopelo";"Bothrops asper";"Colombia"
1;"Common lancehead";"Bothrops atrox";"Colombia"
1;"Two-striped forest-pitviper";"Bothrops bilineatus";"Colombia"
2;"Brazil's lancehead";"Bothrops brazili";"Colombia"
2;"Lanceheads";"Bothrops spp.";"Colombia"
2;"Speckled forest-pitviper";"Bothrops taeniatus";"Colombia"
1;"South American rattlesnake";"Crotalus durissus";"Colombia"
2;"Chocoan bushmaster";"Lachesis acrochorda";"Colombia"
2;"Bushmaster";"Lachesis muta";"Colombia"
2;"South American coralsnake";"Micrurus lemniscatus";"Colombia"
2;"Red-tailed coralsnake";"Micrurus mipartitus";"Colombia"
2;"Central American coralsnake";"Micrurus nigrocinctus";"Colombia"
2;"Amazonian coralsnake";"Micrurus spixii";"Colombia"
2;"Coralsnakes";"Micrurus spp.";"Colombia"
2;"Aquatic coralsnake";"Micrurus surinamensis";"Colombia"
2;"Lansberg's hognosed pitviper";"Porthidium lansbergii";"Colombia"
2;"Rainforest hognosed pitviper";"Porthidium nasutum";"Colombia"
2;"Variable bush viper";"Atheris squamigera";"Congo"
2;"Variable burrowing asp";"Atractaspis irregularis";"Congo"
2;"Puff adder";"Bitis arietans";"Congo"
1;"East African Gaboon viper";"Bitis gabonica";"Congo"
1;"Rhinoceros viper";"Bitis nasicornis";"Congo"
1;"Jameson's mamba";"Dendroaspis jamesoni";"Congo"
2;"Boomslang";"Dispholidus typus";"Congo"
2;"Banded water cobra";"Naja annulata";"Congo"
2;"Christy's water cobra";"Naja christyi";"Congo"
1;"Forest cobra";"Naja melanoleuca";"Congo"
2;"Black-necked spitting cobra";"Naja nigricollis";"Congo"
2;"Gold's tree cobra";"Pseudohaje goldii";"Congo"
2;"Forest vine or twig snake";"Thelotornis kirtlandii";"Congo"
2;"Common cantil";"Agkistrodon bilineatus";"Costa Rica"
2;"Central American jumping pitviper";"Atropoides mexicanus";"Costa Rica"
2;"Jumping pitvipers";"Atropoides spp.";"Costa Rica"
2;"Side-striped palm-pitviper";"Bothriechis lateralis";"Costa Rica"
2;"Eyelash palm-pitviper";"Bothriechis schlegelii";"Costa Rica"
2;"Palm-pitvipers";"Bothriechis spp.";"Costa Rica"
1;"Terciopelo";"Bothrops asper";"Costa Rica"
2;"Godman's montane pitviper";"Cerrophidion godmani";"Costa Rica"
1;"Middle American rattlesnake";"Crotalus simus";"Costa Rica"
2;"Black-headed bushmaster";"Lachesis melanocephala";"Costa Rica"
2;"Central American bushmaster";"Lachesis stenophrys";"Costa Rica"
2;"Central American coralsnake";"Micrurus nigrocinctus";"Costa Rica"
2;"Coralsnakes";"Micrurus spp.";"Costa Rica"
2;"Rainforest hognosed pitviper";"Porthidium nasutum";"Costa Rica"
2;"Slender hognosed pitviper";"Porthidium ophryomegas";"Costa Rica"
2;"Hognosed pitvipers";"Porthidium spp.";"Costa Rica"
2;"West African bush viper";"Atheris chlorechis";"Côte d'Ivoire"
2;"Variable burrowing asp";"Atractaspis irregularis";"Côte d'Ivoire"
1;"Puff adder";"Bitis arietans";"Côte d'Ivoire"
1;"Rhinoceros viper";"Bitis nasicornis";"Côte d'Ivoire"
1;"West African Gaboon viper";"Bitis rhinoceros";"Côte d'Ivoire"
2;"Black mamba";"Dendroaspis polylepis";"Côte d'Ivoire"
1;"Western green mamba";"Dendroaspis viridis";"Côte d'Ivoire"
2;"Boomslang";"Dispholidus typus";"Côte d'Ivoire"
1;"West African carpet viper";"Echis ocellatus";"Côte d'Ivoire"
2;"West African brown spitting cobra";"Naja katiensis";"Côte d'Ivoire"
1;"Forest cobra";"Naja melanoleuca";"Côte d'Ivoire"
1;"Black-necked spitting cobra";"Naja nigricollis";"Côte d'Ivoire"
1;"Senegalese cobra";"Naja senegalensis";"Côte d'Ivoire"
2;"Gold's tree cobra";"Pseudohaje goldii";"Côte d'Ivoire"
2;"Black tree cobra";"Pseudohaje nigra";"Côte d'Ivoire"
2;"Forest vine or twig snake";"Thelotornis kirtlandii";"Côte d'Ivoire"
1;"Nose-horned viper";"Vipera ammodytes";"Croatia"
2;"European adder";"Vipera berus";"Croatia"
2;"Meadow viper";"Vipera ursinii";"Croatia"
2;"Levant viper";"Macrovipera lebetina";"Cyprus"
2;"European adder";"Vipera berus";"Czech Republic"
1;"Short-tailed Mamushi";"Gloydius brevicaudus";"Democratic People's Republic of Korea"
2;"Central Asian pitviper";"Gloydius intermedius";"Democratic People's Republic of Korea"
2;"Ussuri Mamushi";"Gloydius ussuriensis";"Democratic People's Republic of Korea"
2;"European adder";"Vipera berus";"Democratic People's Republic of Korea"
2;"Variable bush viper";"Atheris squamigera";"Democratic Republic of the Congo"
2;"Bibron's burrowing asp";"Atractaspis bibronii";"Democratic Republic of the Congo"
2;"Variable burrowing asp";"Atractaspis irregularis";"Democratic Republic of the Congo"
1;"Puff adder";"Bitis arietans";"Democratic Republic of the Congo"
1;"East African Gaboon viper";"Bitis gabonica";"Democratic Republic of the Congo"
1;"Rhinoceros viper";"Bitis nasicornis";"Democratic Republic of the Congo"
1;"Jameson's mamba";"Dendroaspis jamesoni";"Democratic Republic of the Congo"
2;"Black mamba";"Dendroaspis polylepis";"Democratic Republic of the Congo"
2;"Boomslang";"Dispholidus typus";"Democratic Republic of the Congo"
2;"Anchieta's cobra";"Naja anchietae";"Democratic Republic of the Congo"
2;"Banded water cobra";"Naja annulata";"Democratic Republic of the Congo"
2;"Christy's water cobra";"Naja christyi";"Democratic Republic of the Congo"
2;"Egyptian cobra";"Naja haje";"Democratic Republic of the Congo"
1;"Forest cobra";"Naja melanoleuca";"Democratic Republic of the Congo"
1;"Black-necked spitting cobra";"Naja nigricollis";"Democratic Republic of the Congo"
2;"Gold's tree cobra";"Pseudohaje goldii";"Democratic Republic of the Congo"
2;"Savanna vine or twig snake";"Thelotornis capensis";"Democratic Republic of the Congo"
2;"Forest vine or twig snake";"Thelotornis kirtlandii";"Democratic Republic of the Congo"
2;"European adder";"Vipera berus";"Denmark"
2;"False burrowing asp";"Atractaspis fallax";"Djibouti"
2;"Puff adder";"Bitis arietans";"Djibouti"
2;"Boomslang";"Dispholidus typus";"Djibouti"
1;"East African carpet viper";"Echis pyramidum";"Djibouti"
2;"Red spitting cobra";"Naja pallida";"Djibouti"
2;"Eyelash palm-pitviper";"Bothriechis schlegelii";"Ecuador"
2;"Amazonian toad-headed pitviper";"Bothrocophias hyoprora";"Ecuador"
2;"Small-eyed toad-headed pitviper";"Bothrocophias microphthalmus";"Ecuador"
2;"Toad-headed pitvipers";"Bothrocophias spp.";"Ecuador"
1;"Terciopelo";"Bothrops asper";"Ecuador"
1;"Common lancehead";"Bothrops atrox";"Ecuador"
1;"Two-striped forest-pitviper";"Bothrops bilineatus";"Ecuador"
2;"Brazil's lancehead";"Bothrops brazili";"Ecuador"
2;"Lanceheads";"Bothrops spp.";"Ecuador"
2;"Speckled forest-pitviper";"Bothrops taeniatus";"Ecuador"
2;"Chocoan bushmaster";"Lachesis acrochorda";"Ecuador"
1;"Bushmaster";"Lachesis muta";"Ecuador"
2;"South American coralsnake";"Micrurus lemniscatus";"Ecuador"
2;"Red-tailed coralsnake";"Micrurus mipartitus";"Ecuador"
2;"Amazonian coralsnake";"Micrurus spixii";"Ecuador"
2;"Coralsnakes";"Micrurus spp.";"Ecuador"
2;"Aquatic coralsnake";"Micrurus surinamensis";"Ecuador"
2;"Rainforest hognosed pitviper";"Porthidium nasutum";"Ecuador"
2;"Hognosed pitvipers";"Porthidium spp.";"Ecuador"
2;"Israeli mole viper";"Atractaspis engaddensis";"Egypt"
1;"Horned viper";"Cerastes cerastes";"Egypt"
1;"Burton's carpet viper";"Echis coloratus";"Egypt"
1;"East African carpet viper";"Echis pyramidum";"Egypt"
1;"Egyptian cobra";"Naja haje";"Egypt"
2;"Nubian spitting cobra";"Naja nubiae";"Egypt"
2;"Field's horned viper";"Pseudocerastes fieldi";"Egypt"
2;"Desert cobra";"Walterinnesia aegyptia";"Egypt"
2;"Common cantil";"Agkistrodon bilineatus";"El Salvador"
2;"Guatemalan jumping pitviper";"Atropoides occiduus";"El Salvador"
2;"Palm-pitvipers";"Bothriechis spp.";"El Salvador"
2;"Godman's montane pitviper";"Cerrophidion godmani";"El Salvador"
1;"Middle American rattlesnake";"Crotalus simus";"El Salvador"
2;"Central American coralsnake";"Micrurus nigrocinctus";"El Salvador"
2;"Slender hognosed pitviper";"Porthidium ophryomegas";"El Salvador"
2;"Variable bush viper";"Atheris squamigera";"Equatorial Guinea"
2;"Variable burrowing asp";"Atractaspis irregularis";"Equatorial Guinea"
1;"East African Gaboon viper";"Bitis gabonica";"Equatorial Guinea"
1;"Rhinoceros viper";"Bitis nasicornis";"Equatorial Guinea"
1;"Jameson's mamba";"Dendroaspis jamesoni";"Equatorial Guinea"
2;"Banded water cobra";"Naja annulata";"Equatorial Guinea"
1;"Forest cobra";"Naja melanoleuca";"Equatorial Guinea"
2;"Gold's tree cobra";"Pseudohaje goldii";"Equatorial Guinea"
2;"Forest vine or twig snake";"Thelotornis kirtlandii";"Equatorial Guinea"
2;"Variable burrowing asp";"Atractaspis irregularis";"Eritrea"
1;"Puff adder";"Bitis arietans";"Eritrea"
1;"Black mamba";"Dendroaspis polylepis";"Eritrea"
2;"Boomslang";"Dispholidus typus";"Eritrea"
2;"Big-headed carpet viper";"Echis megalocephalus";"Eritrea"
1;"East African carpet viper";"Echis pyramidum";"Eritrea"
1;"Egyptian cobra";"Naja haje";"Eritrea"
2;"Nubian spitting cobra";"Naja nubiae";"Eritrea"
2;"European adder";"Vipera berus";"Estonia"
2;"False burrowing asp";"Atractaspis fallax";"Ethiopia"
2;"Variable burrowing asp";"Atractaspis irregularis";"Ethiopia"
1;"Puff adder";"Bitis arietans";"Ethiopia"
2;"Ethiopian mountain adder";"Bitis parviocula";"Ethiopia"
1;"Black mamba";"Dendroaspis polylepis";"Ethiopia"
2;"Boomslang";"Dispholidus typus";"Ethiopia"
1;"East African carpet viper";"Echis pyramidum";"Ethiopia"
1;"Ashe's spitting cobra";"Naja ashei";"Ethiopia"
1;"Egyptian cobra";"Naja haje";"Ethiopia"
2;"Forest cobra";"Naja melanoleuca";"Ethiopia"
1;"Black-necked spitting cobra";"Naja nigricollis";"Ethiopia"
2;"Red spitting cobra";"Naja pallida";"Ethiopia"
2;"European adder";"Vipera berus";"Finland"
1;"Asp viper";"Vipera aspis";"France"
2;"European adder";"Vipera berus";"France"
2;"Meadow viper";"Vipera ursinii";"France"
1;"Common lancehead";"Bothrops atrox";"France (French Guiana)"
1;"Two-striped forest-pitviper";"Bothrops bilineatus";"France (French Guiana)"
1;"Brazil's lancehead";"Bothrops brazili";"France (French Guiana)"
2;"Speckled forest-pitviper";"Bothrops taeniatus";"France (French Guiana)"
1;"South American rattlesnake";"Crotalus durissus";"France (French Guiana)"
2;"Bushmaster";"Lachesis muta";"France (French Guiana)"
2;"South American coralsnake";"Micrurus lemniscatus";"France (French Guiana)"
2;"Coralsnakes";"Micrurus spp.";"France (French Guiana)"
2;"Aquatic coralsnake";"Micrurus surinamensis";"France (French Guiana)"
2;"Variable bush viper";"Atheris squamigera";"Gabon"
2;"Variable burrowing asp";"Atractaspis irregularis";"Gabon"
2;"Puff adder";"Bitis arietans";"Gabon"
1;"East African Gaboon viper";"Bitis gabonica";"Gabon"
1;"Rhinoceros viper";"Bitis nasicornis";"Gabon"
1;"Jameson's mamba";"Dendroaspis jamesoni";"Gabon"
2;"Banded water cobra";"Naja annulata";"Gabon"
1;"Forest cobra";"Naja melanoleuca";"Gabon"
1;"Black-necked spitting cobra";"Naja nigricollis";"Gabon"
2;"Gold's tree cobra";"Pseudohaje goldii";"Gabon"
2;"Forest vine or twig snake";"Thelotornis kirtlandii";"Gabon"
1;"Puff adder";"Bitis arietans";"Gambia"
1;"Western green mamba";"Dendroaspis viridis";"Gambia"
2;"Boomslang";"Dispholidus typus";"Gambia"
1;"Joger's carpet viper";"Echis jogeri";"Gambia"
2;"West African brown spitting cobra";"Naja katiensis";"Gambia"
2;"Forest cobra";"Naja melanoleuca";"Gambia"
1;"Black-necked spitting cobra";"Naja nigricollis";"Gambia"
2;"Senegalese cobra";"Naja senegalensis";"Gambia"
1;"Levant viper";"Macrovipera lebetina";"Georgia"
1;"Nose-horned viper";"Vipera ammodytes";"Georgia"
2;"Steppe viper";"Vipera renardi";"Georgia"
2;"Adders";"Vipera spp.";"Georgia"
2;"Meadow viper";"Vipera ursinii";"Georgia"
2;"European adder";"Vipera berus";"Germany"
2;"West African bush viper";"Atheris chlorechis";"Ghana"
2;"Variable burrowing asp";"Atractaspis irregularis";"Ghana"
1;"Puff adder";"Bitis arietans";"Ghana"
2;"Rhinoceros viper";"Bitis nasicornis";"Ghana"
2;"West African Gaboon viper";"Bitis rhinoceros";"Ghana"
1;"Western green mamba";"Dendroaspis viridis";"Ghana"
2;"Boomslang";"Dispholidus typus";"Ghana"
1;"West African carpet viper";"Echis ocellatus";"Ghana"
2;"West African brown spitting cobra";"Naja katiensis";"Ghana"
2;"Forest cobra";"Naja melanoleuca";"Ghana"
1;"Black-necked spitting cobra";"Naja nigricollis";"Ghana"
1;"Senegalese cobra";"Naja senegalensis";"Ghana"
2;"Gold's tree cobra";"Pseudohaje goldii";"Ghana"
2;"Black tree cobra";"Pseudohaje nigra";"Ghana"
2;"Forest vine or twig snake";"Thelotornis kirtlandii";"Ghana"
2;"Cyclades blunt-nosed viper";"Macrovipera schweizeri";"Greece"
2;"Ottoman viper";"Montivipera xanthina";"Greece"
1;"Nose-horned viper";"Vipera ammodytes";"Greece"
2;"European adder";"Vipera berus";"Greece"
2;"Meadow viper";"Vipera ursinii";"Greece"
2;"Common cantil";"Agkistrodon bilineatus";"Guatemala"
2;"Central American jumping pitviper";"Atropoides mexicanus";"Guatemala"
2;"Guatemalan jumping pitviper";"Atropoides occiduus";"Guatemala"
2;"Jumping pitvipers";"Atropoides spp.";"Guatemala"
2;"Eyelash palm-pitviper";"Bothriechis schlegelii";"Guatemala"
2;"Palm-pitvipers";"Bothriechis spp.";"Guatemala"
1;"Terciopelo";"Bothrops asper";"Guatemala"
2;"Godman's montane pitviper";"Cerrophidion godmani";"Guatemala"
1;"Middle American rattlesnake";"Crotalus simus";"Guatemala"
2;"Tzabcan rattlesnake";"Crotalus tzabcan";"Guatemala"
2;"Central American coralsnake";"Micrurus nigrocinctus";"Guatemala"
2;"Coralsnakes";"Micrurus spp.";"Guatemala"
2;"Rainforest hognosed pitviper";"Porthidium nasutum";"Guatemala"
2;"Slender hognosed pitviper";"Porthidium ophryomegas";"Guatemala"
2;"West African bush viper";"Atheris chlorechis";"Guinea"
2;"Variable burrowing asp";"Atractaspis irregularis";"Guinea"
1;"Puff adder";"Bitis arietans";"Guinea"
2;"Rhinoceros viper";"Bitis nasicornis";"Guinea"
2;"West African Gaboon viper";"Bitis rhinoceros";"Guinea"
1;"Black mamba";"Dendroaspis polylepis";"Guinea"
1;"Western green mamba";"Dendroaspis viridis";"Guinea"
2;"Boomslang";"Dispholidus typus";"Guinea"
1;"Joger's carpet viper";"Echis jogeri";"Guinea"
1;"West African brown spitting cobra";"Naja katiensis";"Guinea"
1;"Forest cobra";"Naja melanoleuca";"Guinea"
1;"Black-necked spitting cobra";"Naja nigricollis";"Guinea"
1;"Senegalese cobra";"Naja senegalensis";"Guinea"
2;"Black tree cobra";"Pseudohaje nigra";"Guinea"
2;"Forest vine or twig snake";"Thelotornis kirtlandii";"Guinea"
1;"Puff adder";"Bitis arietans";"Guinea-Bissau"
2;"West African Gaboon viper";"Bitis rhinoceros";"Guinea-Bissau"
1;"Western green mamba";"Dendroaspis viridis";"Guinea-Bissau"
2;"Boomslang";"Dispholidus typus";"Guinea-Bissau"
1;"Joger's carpet viper";"Echis jogeri";"Guinea-Bissau"
1;"Forest cobra";"Naja melanoleuca";"Guinea-Bissau"
1;"Black-necked spitting cobra";"Naja nigricollis";"Guinea-Bissau"
1;"Senegalese cobra";"Naja senegalensis";"Guinea-Bissau"
2;"Forest vine or twig snake";"Thelotornis kirtlandii";"Guinea-Bissau"
1;"Common lancehead";"Bothrops atrox";"Guyana"
1;"Two-striped forest-pitviper";"Bothrops bilineatus";"Guyana"
1;"Brazil's lancehead";"Bothrops brazili";"Guyana"
2;"Speckled forest-pitviper";"Bothrops taeniatus";"Guyana"
1;"South American rattlesnake";"Crotalus durissus";"Guyana"
2;"Bushmaster";"Lachesis muta";"Guyana"
2;"South American coralsnake";"Micrurus lemniscatus";"Guyana"
2;"Coralsnakes";"Micrurus spp.";"Guyana"
2;"Aquatic coralsnake";"Micrurus surinamensis";"Guyana"
2;"Common cantil";"Agkistrodon bilineatus";"Honduras"
2;"Central American jumping pitviper";"Atropoides mexicanus";"Honduras"
2;"Guatemalan jumping pitviper";"Atropoides occiduus";"Honduras"
2;"Jumping pitvipers";"Atropoides spp.";"Honduras"
2;"Honduran palm-pitviper";"Bothriechis marchi";"Honduras"
2;"Eyelash palm-pitviper";"Bothriechis schlegelii";"Honduras"
2;"Palm-pitvipers";"Bothriechis spp.";"Honduras"
1;"Terciopelo";"Bothrops asper";"Honduras"
2;"Godman's montane pitviper";"Cerrophidion godmani";"Honduras"
2;"Middle American rattlesnake";"Crotalus simus";"Honduras"
2;"Central American coralsnake";"Micrurus nigrocinctus";"Honduras"
2;"Coralsnakes";"Micrurus spp.";"Honduras"
2;"Rainforest hognosed pitviper";"Porthidium nasutum";"Honduras"
2;"Slender hognosed pitviper";"Porthidium ophryomegas";"Honduras"
2;"European adder";"Vipera berus";"Hungary"
2;"Meadow viper";"Vipera ursinii";"Hungary"
2;"Northeastern hill krait";"Bungarus bungaroides";"India"
1;"Indian krait";"Bungarus caeruleus";"India"
2;"Banded krait";"Bungarus fasciatus";"India"
2;"Lesser black krait";"Bungarus lividus";"India"
2;"Greater black krait";"Bungarus niger";"India"
2;"Sind krait";"Bungarus sindanus";"India"
2;"Wall's krait";"Bungarus walli";"India"
2;"White-lipped pitviper";"Cryptelytrops albolabris";"India"
2;"Bamboo pitviper";"Cryptelytrops erythrurus";"India"
2;"Nepal green pitviper";"Cryptelytrops septentrionalis";"India"
1;"Russell's viper";"Daboia russelii";"India"
1;"Saw-scaled viper";"Echis carinatus";"India"
2;"Himalayan pitviper";"Gloydius himalayanus";"India"
1;"Hump-nosed pitviper";"Hypnale hypnale";"India"
1;"Monocellate cobra";"Naja kaouthia";"India"
1;"Indian cobra";"Naja naja";"India"
2;"Central Asian cobra";"Naja oxiana";"India"
2;"Andaman cobra";"Naja sagittifera";"India"
2;"King cobra";"Ophiophagus hannah";"India"
2;"Jerdon's pitviper";"Protobothrops jerdonii";"India"
2;"Kaulback's lance-headed pitviper";"Protobothrops kaulbacki";"India"
2;"Brown-spotted pitviper";"Protobothrops mucrosquamatus";"India"
2;"Common bamboo pitviper";"Trimeresurus gramineus";"India"
2;"Malabarian pitviper";"Trimeresurus malabaricus";"India"
1;"Malayan krait";"Bungarus candidus";"Indonesia (except West Papua & Maluku)"
2;"Banded krait";"Bungarus fasciatus";"Indonesia (except West Papua & Maluku)"
2;"Red-headed krait";"Bungarus flaviceps";"Indonesia (except West Papua & Maluku)"
2;"Blue coralsnake";"Calliophis bivirgatus";"Indonesia (except West Papua & Maluku)"
2;"Striped coralsnake";"Calliophis intestinalis";"Indonesia (except West Papua & Maluku)"
1;"Malayan pitviper";"Calloselasma rhodostoma";"Indonesia (except West Papua & Maluku)"
1;"White-lipped pitviper";"Cryptelytrops albolabris";"Indonesia (except West Papua & Maluku)"
2;"White-lipped island pitviper";"Cryptelytrops insularis";"Indonesia (except West Papua & Maluku)"
2;"Shore pitviper";"Cryptelytrops purpureomaculatus";"Indonesia (except West Papua & Maluku)"
1;"Siamese Russell's viper";"Daboia siamensis";"Indonesia (except West Papua & Maluku)"
1;"Southern Indonesian spitting cobra";"Naja sputatrix";"Indonesia (except West Papua & Maluku)"
1;"Equatorial spitting cobra";"Naja sumatrana";"Indonesia (except West Papua & Maluku)"
2;"King cobra";"Ophiophagus hannah";"Indonesia (except West Papua & Maluku)"
2;"Sumatran pitviper";"Parias sumatranus";"Indonesia (except West Papua & Maluku)"
2;"North Philippine temple pitviper";"Tropidolaemus subannulatus";"Indonesia (except West Papua & Maluku)"
1;"Smooth-scaled death adder";"Acanthophis laevis";"Indonesia (West Papua & Maluku)"
2;"Rough-scaled death adder";"Acanthophis rugosus";"Indonesia (West Papua & Maluku)"
2;"New Guinea small-eyed snake";"Micropechis ikaheka";"Indonesia (West Papua & Maluku)"
2;"Taipan";"Oxyuranus scutellatus";"Indonesia (West Papua & Maluku)"
2;"Papuan blacksnake";"Pseudechis papuanus";"Indonesia (West Papua & Maluku)"
2;"Pygmy mulga snake";"Pseudechis rossignolii";"Indonesia (West Papua & Maluku)"
2;"Common brownsnake";"Pseudonaja textilis";"Indonesia (West Papua & Maluku)"
1;"Saw-scaled viper";"Echis carinatus";"Iran (Islamic Republic of)"
2;"MacMahon's viper";"Eristicophis macmahonii";"Iran (Islamic Republic of)"
2;"Caucasian pitviper";"Gloydius halys caucasicus";"Iran (Islamic Republic of)"
1;"Levant viper";"Macrovipera lebetina";"Iran (Islamic Republic of)"
2;"Caucasus viper";"Montivipera raddei";"Iran (Islamic Republic of)"
1;"Central Asian cobra";"Naja oxiana";"Iran (Islamic Republic of)"
1;"Persian horned viper";"Pseudocerastes persicus";"Iran (Islamic Republic of)"
2;"Adders";"Vipera spp.";"Iran (Islamic Republic of)"
2;"Morgan's desert cobra";"Walterinnesia morgani";"Iran (Islamic Republic of)"
2;"Arabian horned viper";"Cerastes gasperettii";"Iraq"
1;"Saw-scaled viper";"Echis carinatus";"Iraq"
1;"Levant viper";"Macrovipera lebetina";"Iraq"
2;"Field's horned viper";"Pseudocerastes fieldi";"Iraq"
2;"Persian horned viper";"Pseudocerastes persicus";"Iraq"
2;"Morgan's desert cobra";"Walterinnesia morgani";"Iraq"
2;"Israeli mole viper";"Atractaspis engaddensis";"Israel"
2;"Horned viper";"Cerastes cerastes";"Israel"
2;"Arabian horned viper";"Cerastes gasperettii";"Israel"
1;"Palestine viper";"Daboia palaestinae";"Israel"
1;"Burton's carpet viper";"Echis coloratus";"Israel"
2;"Field's horned viper";"Pseudocerastes fieldi";"Israel"
2;"Desert cobra";"Walterinnesia aegyptia";"Israel"
2;"Nose-horned viper";"Vipera ammodytes";"Italy"
1;"Asp viper";"Vipera aspis";"Italy"
2;"European adder";"Vipera berus";"Italy"
2;"Meadow viper";"Vipera ursinii";"Italy"
1;"Mamushi";"Gloydius blomhoffi";"Japan"
2;"Tsushima Island pitviper";"Gloydius tsushimaensis";"Japan"
2;"Elegant pitviper";"Protobothrops elegans";"Japan"
1;"Habu";"Protobothrops flavoviridis";"Japan"
2;"Japanese keelback";"Rhabdophis tigrinus";"Japan"
2;"Israeli mole viper";"Atractaspis engaddensis";"Jordan"
2;"Arabian horned viper";"Cerastes gasperettii";"Jordan"
1;"Palestine viper";"Daboia palaestinae";"Jordan"
1;"Burton's carpet viper";"Echis coloratus";"Jordan"
2;"Levant viper";"Macrovipera lebetina";"Jordan"
2;"Field's horned viper";"Pseudocerastes fieldi";"Jordan"
2;"Desert cobra";"Walterinnesia aegyptia";"Jordan"
1;"Saw-scaled viper";"Echis carinatus";"Kazakhstan"
1;"Halys pitviper";"Gloydius halys";"Kazakhstan"
2;"Steppe viper";"Vipera renardi";"Kazakhstan"
2;"Variable bush viper";"Atheris squamigera";"Kenya"
2;"Bibron's burrowing asp";"Atractaspis bibronii";"Kenya"
2;"False burrowing asp";"Atractaspis fallax";"Kenya"
2;"Variable burrowing asp";"Atractaspis irregularis";"Kenya"
1;"Puff adder";"Bitis arietans";"Kenya"
2;"East African Gaboon viper";"Bitis gabonica";"Kenya"
2;"Rhinoceros viper";"Bitis nasicornis";"Kenya"
1;"Eastern green mamba";"Dendroaspis angusticeps";"Kenya"
2;"Jameson's mamba";"Dendroaspis jamesoni";"Kenya"
1;"Black mamba";"Dendroaspis polylepis";"Kenya"
2;"Boomslang";"Dispholidus typus";"Kenya"
1;"East African carpet viper";"Echis pyramidum";"Kenya"
1;"Ashe's spitting cobra";"Naja ashei";"Kenya"
1;"Egyptian cobra";"Naja haje";"Kenya"
2;"Forest cobra";"Naja melanoleuca";"Kenya"
1;"Black-necked spitting cobra";"Naja nigricollis";"Kenya"
2;"Red spitting cobra";"Naja pallida";"Kenya"
2;"Gold's tree cobra";"Pseudohaje goldii";"Kenya"
2;"Mozambique vine snake";"Thelotornis mossambicanus";"Kenya"
2;"Usambara vine snake";"Thelotornis usambaricus";"Kenya"
1;"Arabian horned viper";"Cerastes gasperettii";"Kuwait"
2;"Morgan's desert cobra";"Walterinnesia morgani";"Kuwait"
1;"Halys pitviper";"Gloydius halys";"Kyrgyzstan"
2;"Steppe viper";"Vipera renardi";"Kyrgyzstan"
1;"Malayan krait";"Bungarus candidus";"Lao People's Democratic Republic"
2;"Banded krait";"Bungarus fasciatus";"Lao People's Democratic Republic"
1;"Many-banded krait";"Bungarus multicinctus";"Lao People's Democratic Republic"
1;"Malayan pitviper";"Calloselasma rhodostoma";"Lao People's Democratic Republic"
1;"White-lipped pitviper";"Cryptelytrops albolabris";"Lao People's Democratic Republic"
2;"Big-eyed pitviper";"Cryptelytrops macrops";"Lao People's Democratic Republic"
1;"Chinese cobra";"Naja atra";"Lao People's Democratic Republic"
2;"Monocellate cobra";"Naja kaouthia";"Lao People's Democratic Republic"
1;"Siamese spitting cobra";"Naja siamensis";"Lao People's Democratic Republic"
2;"King cobra";"Ophiophagus hannah";"Lao People's Democratic Republic"
2;"Jerdon's pitviper";"Protobothrops jerdonii";"Lao People's Democratic Republic"
2;"Brown-spotted pitviper";"Protobothrops mucrosquamatus";"Lao People's Democratic Republic"
2;"European adder";"Vipera berus";"Latvia"
1;"Palestine viper";"Daboia palaestinae";"Lebanon"
1;"Levant viper";"Macrovipera lebetina";"Lebanon"
1;"Puff adder";"Bitis arietans";"Lesotho"
2;"Rinkhals spitting cobra";"Hemachatus haemachatus";"Lesotho"
1;"Cape cobra";"Naja nivea";"Lesotho"
2;"West African bush viper";"Atheris chlorechis";"Liberia"
2;"Variable burrowing asp";"Atractaspis irregularis";"Liberia"
2;"Rhinoceros viper";"Bitis nasicornis";"Liberia"
2;"West African Gaboon viper";"Bitis rhinoceros";"Liberia"
1;"Western green mamba";"Dendroaspis viridis";"Liberia"
1;"Forest cobra";"Naja melanoleuca";"Liberia"
1;"Black-necked spitting cobra";"Naja nigricollis";"Liberia"
2;"Black tree cobra";"Pseudohaje nigra";"Liberia"
2;"Forest vine or twig snake";"Thelotornis kirtlandii";"Liberia"
1;"Horned viper";"Cerastes cerastes";"Libyan Arab Jamahiriya"
2;"Desert viper";"Daboia deserti";"Libyan Arab Jamahiriya"
1;"East African carpet viper";"Echis pyramidum";"Libyan Arab Jamahiriya"
1;"Egyptian cobra";"Naja haje";"Libyan Arab Jamahiriya"
2;"European adder";"Vipera berus";"Lithuania"
2;"Bibron's burrowing asp";"Atractaspis bibronii";"Malawi"
1;"Puff adder";"Bitis arietans";"Malawi"
1;"Eastern green mamba";"Dendroaspis angusticeps";"Malawi"
1;"Black mamba";"Dendroaspis polylepis";"Malawi"
2;"Boomslang";"Dispholidus typus";"Malawi"
1;"Snouted cobra";"Naja annulifera";"Malawi"
2;"Forest cobra";"Naja melanoleuca";"Malawi"
1;"Mozambique spitting cobra";"Naja mossambica";"Malawi"
1;"Black-necked spitting cobra";"Naja nigricollis";"Malawi"
2;"Lowland swamp viper";"Proatheris superciliaris";"Malawi"
2;"Savanna vine or twig snake";"Thelotornis capensis";"Malawi"
2;"Mozambique vine snake";"Thelotornis mossambicanus";"Malawi"
1;"Malayan krait";"Bungarus candidus";"Malaysia"
2;"Banded krait";"Bungarus fasciatus";"Malaysia"
2;"Red-headed krait";"Bungarus flaviceps";"Malaysia"
2;"Blue coralsnake";"Calliophis bivirgatus";"Malaysia"
2;"Striped coralsnake";"Calliophis intestinalis";"Malaysia"
1;"Malayan pitviper";"Calloselasma rhodostoma";"Malaysia"
2;"Shore pitviper";"Cryptelytrops purpureomaculatus";"Malaysia"
1;"Monocellate cobra";"Naja kaouthia";"Malaysia"
1;"Equatorial spitting cobra";"Naja sumatrana";"Malaysia"
2;"King cobra";"Ophiophagus hannah";"Malaysia"
2;"Sumatran pitviper";"Parias sumatranus";"Malaysia"
2;"North Philippine temple pitviper";"Tropidolaemus subannulatus";"Malaysia"
1;"Puff adder";"Bitis arietans";"Mali"
2;"Horned viper";"Cerastes cerastes";"Mali"
2;"Boomslang";"Dispholidus typus";"Mali"
1;"Joger's carpet viper";"Echis jogeri";"Mali"
1;"White-bellied carpet viper";"Echis leucogaster";"Mali"
1;"West African carpet viper";"Echis ocellatus";"Mali"
1;"West African brown spitting cobra";"Naja katiensis";"Mali"
2;"Forest cobra";"Naja melanoleuca";"Mali"
1;"Black-necked spitting cobra";"Naja nigricollis";"Mali"
1;"Senegalese cobra";"Naja senegalensis";"Mali"
1;"Martinique lancehead";"Bothrops lanceolatus";"Martinique"
2;"Puff adder";"Bitis arietans";"Mauritania"
1;"Horned viper";"Cerastes cerastes";"Mauritania"
1;"White-bellied carpet viper";"Echis leucogaster";"Mauritania"
1;"Senegalese cobra";"Naja senegalensis";"Mauritania"
1;"Common cantil";"Agkistrodon bilineatus";"Mexico"
2;"Copperhead";"Agkistrodon contortrix";"Mexico"
1;"Ornate cantil";"Agkistrodon taylori";"Mexico"
2;"Central American jumping pitviper";"Atropoides mexicanus";"Mexico"
2;"Guatemalan jumping pitviper";"Atropoides occiduus";"Mexico"
2;"Jumping pitvipers";"Atropoides spp.";"Mexico"
2;"Eyelash palm-pitviper";"Bothriechis schlegelii";"Mexico"
2;"Palm-pitvipers";"Bothriechis spp.";"Mexico"
1;"Terciopelo";"Bothrops asper";"Mexico"
2;"Godman's montane pitviper";"Cerrophidion godmani";"Mexico"
2;"Montane pitvipers";"Cerrophidion spp.";"Mexico"
1;"Western diamondback rattlesnake";"Crotalus atrox";"Mexico"
2;"Mexican west coast rattlesnake";"Crotalus basiliscus";"Mexico"
2;"Black-tailed rattlesnake";"Crotalus molossus";"Mexico"
2;"North Pacific rattlesnake";"Crotalus oreganus";"Mexico"
2;"Red diamondback rattlesnake";"Crotalus ruber";"Mexico"
1;"Mojave rattlesnake";"Crotalus scutulatus";"Mexico"
1;"Middle American rattlesnake";"Crotalus simus";"Mexico"
2;"Rattlesnakes";"Crotalus spp.";"Mexico"
1;"Totonacan rattlesnake";"Crotalus totonacus";"Mexico"
2;"Tzabcan rattlesnake";"Crotalus tzabcan";"Mexico"
2;"Western rattlesnake";"Crotalus viridis";"Mexico"
2;"Sonoran coralsnake";"Micruroides euryxanthus";"Mexico"
2;"Central American coralsnake";"Micrurus nigrocinctus";"Mexico"
2;"Coralsnakes";"Micrurus spp.";"Mexico"
2;"Texas coralsnake";"Micrurus tener";"Mexico"
2;"Mexican horned pitvipers";"Ophryacus spp.";"Mexico"
2;"Rainforest hognosed pitviper";"Porthidium nasutum";"Mexico"
2;"Hognosed pitvipers";"Porthidium spp.";"Mexico"
2;"Massasauga";"Sistrurus catenatus";"Mexico"
1;"Halys pitviper";"Gloydius halys";"Mongolia"
2;"European adder";"Vipera berus";"Mongolia"
2;"Steppe viper";"Vipera renardi";"Mongolia"
1;"Nose-horned viper";"Vipera ammodytes";"Montenegro"
2;"European adder";"Vipera berus";"Montenegro"
2;"Meadow viper";"Vipera ursinii";"Montenegro"
1;"Puff adder";"Bitis arietans";"Morocco"
1;"Horned viper";"Cerastes cerastes";"Morocco"
1;"Moorish viper";"Daboia mauritanica";"Morocco"
2;"White-bellied carpet viper";"Echis leucogaster";"Morocco"
1;"Egyptian cobra";"Naja haje";"Morocco"
2;"Lataste's viper";"Vipera latastei";"Morocco"
2;"Bibron's burrowing asp";"Atractaspis bibronii";"Mozambique"
1;"Puff adder";"Bitis arietans";"Mozambique"
1;"East African Gaboon viper";"Bitis gabonica";"Mozambique"
1;"Eastern green mamba";"Dendroaspis angusticeps";"Mozambique"
1;"Black mamba";"Dendroaspis polylepis";"Mozambique"
2;"Boomslang";"Dispholidus typus";"Mozambique"
2;"Rinkhals spitting cobra";"Hemachatus haemachatus";"Mozambique"
1;"Snouted cobra";"Naja annulifera";"Mozambique"
2;"Forest cobra";"Naja melanoleuca";"Mozambique"
1;"Mozambique spitting cobra";"Naja mossambica";"Mozambique"
2;"Lowland swamp viper";"Proatheris superciliaris";"Mozambique"
2;"Savanna vine or twig snake";"Thelotornis capensis";"Mozambique"
2;"Mozambique vine snake";"Thelotornis mossambicanus";"Mozambique"
2;"Northeastern hill krait";"Bungarus bungaroides";"Myanmar"
2;"Malayan krait";"Bungarus candidus";"Myanmar"
2;"Red-headed krait";"Bungarus flaviceps";"Myanmar"
1;"Burmese krait";"Bungarus magnimaculatus";"Myanmar"
1;"Many-banded krait";"Bungarus multicinctus";"Myanmar"
2;"Greater black krait";"Bungarus niger";"Myanmar"
2;"Malayan pitviper";"Calloselasma rhodostoma";"Myanmar"
1;"White-lipped pitviper";"Cryptelytrops albolabris";"Myanmar"
1;"Bamboo pitviper";"Cryptelytrops erythrurus";"Myanmar"
2;"Shore pitviper";"Cryptelytrops purpureomaculatus";"Myanmar"
1;"Siamese Russell's viper";"Daboia siamensis";"Myanmar"
1;"Monocellate cobra";"Naja kaouthia";"Myanmar"
1;"Mandalay spitting cobra";"Naja mandalayensis";"Myanmar"
2;"King cobra";"Ophiophagus hannah";"Myanmar"
2;"Jerdon's pitviper";"Protobothrops jerdonii";"Myanmar"
2;"Kaulback's lance-headed pitviper";"Protobothrops kaulbacki";"Myanmar"
2;"Brown-spotted pitviper";"Protobothrops mucrosquamatus";"Myanmar"
2;"Bibron's burrowing asp";"Atractaspis bibronii";"Namibia"
1;"Puff adder";"Bitis arietans";"Namibia"
1;"Black mamba";"Dendroaspis polylepis";"Namibia"
2;"Boomslang";"Dispholidus typus";"Namibia"
1;"Anchieta's cobra";"Naja anchietae";"Namibia"
1;"Mozambique spitting cobra";"Naja mossambica";"Namibia"
1;"Zebra cobra";"Naja nigricincta";"Namibia"
2;"Black-necked spitting cobra";"Naja nigricollis";"Namibia"
1;"Cape cobra";"Naja nivea";"Namibia"
2;"Savanna vine or twig snake";"Thelotornis capensis";"Namibia"
2;"Northeastern hill krait";"Bungarus bungaroides";"Nepal"
1;"Indian krait";"Bungarus caeruleus";"Nepal"
2;"Banded krait";"Bungarus fasciatus";"Nepal"
2;"Lesser black krait";"Bungarus lividus";"Nepal"
1;"Greater black krait";"Bungarus niger";"Nepal"
2;"Wall's krait";"Bungarus walli";"Nepal"
2;"Nepal green pitviper";"Cryptelytrops septentrionalis";"Nepal"
1;"Russell's viper";"Daboia russelii";"Nepal"
2;"Himalayan pitviper";"Gloydius himalayanus";"Nepal"
2;"Tibetan pitviper";"Himalayophis tibetanus";"Nepal"
1;"Monocellate cobra";"Naja kaouthia";"Nepal"
1;"Indian cobra";"Naja naja";"Nepal"
2;"King cobra";"Ophiophagus hannah";"Nepal"
2;"Jerdon's pitviper";"Protobothrops jerdonii";"Nepal"
2;"European adder";"Vipera berus";"Netherlands"
2;"Common cantil";"Agkistrodon bilineatus";"Nicaragua"
2;"Central American jumping pitviper";"Atropoides mexicanus";"Nicaragua"
2;"Eyelash palm-pitviper";"Bothriechis schlegelii";"Nicaragua"
1;"Terciopelo";"Bothrops asper";"Nicaragua"
2;"Godman's montane pitviper";"Cerrophidion godmani";"Nicaragua"
1;"Middle American rattlesnake";"Crotalus simus";"Nicaragua"
2;"Central American bushmaster";"Lachesis stenophrys";"Nicaragua"
2;"Central American coralsnake";"Micrurus nigrocinctus";"Nicaragua"
2;"Coralsnakes";"Micrurus spp.";"Nicaragua"
2;"Rainforest hognosed pitviper";"Porthidium nasutum";"Nicaragua"
2;"Slender hognosed pitviper";"Porthidium ophryomegas";"Nicaragua"
1;"Puff adder";"Bitis arietans";"Niger"
2;"Horned viper";"Cerastes cerastes";"Niger"
2;"Boomslang";"Dispholidus typus";"Niger"
1;"White-bellied carpet viper";"Echis leucogaster";"Niger"
1;"West African carpet viper";"Echis ocellatus";"Niger"
2;"West African brown spitting cobra";"Naja katiensis";"Niger"
1;"Black-necked spitting cobra";"Naja nigricollis";"Niger"
2;"Nubian spitting cobra";"Naja nubiae";"Niger"
2;"Senegalese cobra";"Naja senegalensis";"Niger"
2;"Variable bush viper";"Atheris squamigera";"Nigeria"
2;"Variable burrowing asp";"Atractaspis irregularis";"Nigeria"
1;"Puff adder";"Bitis arietans";"Nigeria"
1;"East African Gaboon viper";"Bitis gabonica";"Nigeria"
2;"Rhinoceros viper";"Bitis nasicornis";"Nigeria"
1;"Jameson's mamba";"Dendroaspis jamesoni";"Nigeria"
2;"Boomslang";"Dispholidus typus";"Nigeria"
2;"White-bellied carpet viper";"Echis leucogaster";"Nigeria"
1;"West African carpet viper";"Echis ocellatus";"Nigeria"
1;"Egyptian cobra";"Naja haje";"Nigeria"
2;"West African brown spitting cobra";"Naja katiensis";"Nigeria"
2;"Forest cobra";"Naja melanoleuca";"Nigeria"
1;"Black-necked spitting cobra";"Naja nigricollis";"Nigeria"
2;"Senegalese cobra";"Naja senegalensis";"Nigeria"
2;"Gold's tree cobra";"Pseudohaje goldii";"Nigeria"
2;"Black tree cobra";"Pseudohaje nigra";"Nigeria"
2;"Forest vine or twig snake";"Thelotornis kirtlandii";"Nigeria"
2;"European adder";"Vipera berus";"Norway"
1;"Anderson's mole viper";"Atractaspis andersonii";"Oman"
1;"Puff adder";"Bitis arietans";"Oman"
2;"Arabian horned viper";"Cerastes gasperettii";"Oman"
1;"Saw-scaled viper";"Echis carinatus";"Oman"
1;"Burton's carpet viper";"Echis coloratus";"Oman"
2;"Khosatzki's carpet viper";"Echis khosatzkii";"Oman"
1;"Oman carpet viper";"Echis omanensis";"Oman"
2;"Arabian cobra";"Naja arabica";"Oman"
2;"Persian horned viper";"Pseudocerastes persicus";"Oman"
1;"Indian krait";"Bungarus caeruleus";"Pakistan"
1;"Sind krait";"Bungarus sindanus";"Pakistan"
1;"Russell's viper";"Daboia russelii";"Pakistan"
1;"Saw-scaled viper";"Echis carinatus";"Pakistan"
2;"MacMahon's viper";"Eristicophis macmahonii";"Pakistan"
2;"Himalayan pitviper";"Gloydius himalayanus";"Pakistan"
2;"Levant viper";"Macrovipera lebetina";"Pakistan"
1;"Indian cobra";"Naja naja";"Pakistan"
1;"Central Asian cobra";"Naja oxiana";"Pakistan"
2;"Central American jumping pitviper";"Atropoides mexicanus";"Panama"
2;"Jumping pitvipers";"Atropoides spp.";"Panama"
2;"Side-striped palm-pitviper";"Bothriechis lateralis";"Panama"
2;"Eyelash palm-pitviper";"Bothriechis schlegelii";"Panama"
2;"Palm-pitvipers";"Bothriechis spp.";"Panama"
1;"Terciopelo";"Bothrops asper";"Panama"
2;"Godman's montane pitviper";"Cerrophidion godmani";"Panama"
2;"Chocoan bushmaster";"Lachesis acrochorda";"Panama"
2;"Central American bushmaster";"Lachesis stenophrys";"Panama"
2;"Red-tailed coralsnake";"Micrurus mipartitus";"Panama"
2;"Central American coralsnake";"Micrurus nigrocinctus";"Panama"
2;"Coralsnakes";"Micrurus spp.";"Panama"
2;"Lansberg's hognosed pitviper";"Porthidium lansbergii";"Panama"
2;"Rainforest hognosed pitviper";"Porthidium nasutum";"Panama"
2;"Hognosed pitvipers";"Porthidium spp.";"Panama"
1;"Smooth-scaled death adder";"Acanthophis laevis";"Papua New Guinea"
2;"Rough-scaled death adder";"Acanthophis rugosus";"Papua New Guinea"
2;"New Guinea small-eyed snake";"Micropechis ikaheka";"Papua New Guinea"
1;"Taipan";"Oxyuranus scutellatus";"Papua New Guinea"
2;"Papuan blacksnake";"Pseudechis papuanus";"Papua New Guinea"
2;"Pygmy mulga snake";"Pseudechis rossignolii";"Papua New Guinea"
2;"Common brownsnake";"Pseudonaja textilis";"Papua New Guinea"
1;"Urutu";"Bothrops alternatus";"Paraguay"
2;"Chaco lancehead";"Bothrops diporus";"Paraguay"
2;"Jararaca";"Bothrops jararaca";"Paraguay"
2;"Jararacussu";"Bothrops jararacussu";"Paraguay"
2;"Mato Grosso lancehead";"Bothrops mattogrossensis";"Paraguay"
2;"Brazilian lancehead";"Bothrops moojeni";"Paraguay"
2;"Neuwied's lancehead";"Bothrops neuwiedi";"Paraguay"
2;"Lanceheads";"Bothrops spp.";"Paraguay"
1;"South American rattlesnake";"Crotalus durissus";"Paraguay"
2;"Painted coralsnake";"Micrurus corallinus";"Paraguay"
2;"South American coralsnake";"Micrurus lemniscatus";"Paraguay"
2;"Amazonian coralsnake";"Micrurus spixii";"Paraguay"
2;"Coralsnakes";"Micrurus spp.";"Paraguay"
2;"Eyelash palm-pitviper";"Bothriechis schlegelii";"Peru"
2;"Amazonian toad-headed pitviper";"Bothrocophias hyoprora";"Peru"
2;"Small-eyed toad-headed pitviper";"Bothrocophias microphthalmus";"Peru"
2;"Terciopelo";"Bothrops asper";"Peru"
1;"Common lancehead";"Bothrops atrox";"Peru"
1;"Two-striped forest-pitviper";"Bothrops bilineatus";"Peru"
2;"Brazil's lancehead";"Bothrops brazili";"Peru"
2;"Mato Grosso lancehead";"Bothrops mattogrossensis";"Peru"
1;"Desert lancehead";"Bothrops pictus";"Peru"
2;"Lanceheads";"Bothrops spp.";"Peru"
2;"Speckled forest-pitviper";"Bothrops taeniatus";"Peru"
1;"South American rattlesnake";"Crotalus durissus";"Peru"
1;"Bushmaster";"Lachesis muta";"Peru"
2;"South American coralsnake";"Micrurus lemniscatus";"Peru"
2;"Red-tailed coralsnake";"Micrurus mipartitus";"Peru"
2;"Amazonian coralsnake";"Micrurus spixii";"Peru"
2;"Coralsnakes";"Micrurus spp.";"Peru"
2;"Aquatic coralsnake";"Micrurus surinamensis";"Peru"
2;"Striped coralsnake";"Calliophis intestinalis";"Philippines"
1;"Northern Philippine cobra";"Naja philippinensis";"Philippines"
1;"Southeastern Philippine cobra";"Naja samarensis";"Philippines"
1;"Equatorial spitting cobra";"Naja sumatrana";"Philippines"
2;"King cobra";"Ophiophagus hannah";"Philippines"
2;"Philippine pitviper";"Parias flavomaculatus";"Philippines"
2;"South Philippine temple pitviper";"Tropidolaemus philippensis";"Philippines"
2;"North Philippine temple pitviper";"Tropidolaemus subannulatus";"Philippines"
2;"European adder";"Vipera berus";"Poland"
2;"Lataste's viper";"Vipera latastei";"Portugal"
2;"Portuguese viper";"Vipera seoanei";"Portugal"
1;"Arabian horned viper";"Cerastes gasperettii";"Qatar"
1;"Short-tailed Mamushi";"Gloydius brevicaudus";"Republic of Korea"
2;"Central Asian pitviper";"Gloydius intermedius";"Republic of Korea"
2;"Ussuri Mamushi";"Gloydius ussuriensis";"Republic of Korea"
2;"Japanese keelback";"Rhabdophis tigrinus";"Republic of Korea"
2;"European adder";"Vipera berus";"Republic of Moldova"
2;"Nikolsky's viper";"Vipera nikolskii";"Republic of Moldova"
2;"Meadow viper";"Vipera ursinii";"Republic of Moldova"
1;"Nose-horned viper";"Vipera ammodytes";"Romania"
2;"European adder";"Vipera berus";"Romania"
2;"Meadow viper";"Vipera ursinii";"Romania"
2;"Halys pitviper";"Gloydius halys";"Russian Federation"
2;"Central Asian pitviper";"Gloydius intermedius";"Russian Federation"
2;"Ussuri Mamushi";"Gloydius ussuriensis";"Russian Federation"
2;"Levant viper";"Macrovipera lebetina";"Russian Federation"
1;"European adder";"Vipera berus";"Russian Federation"
2;"Nikolsky's viper";"Vipera nikolskii";"Russian Federation"
2;"Steppe viper";"Vipera renardi";"Russian Federation"
2;"Adders";"Vipera spp.";"Russian Federation"
2;"Bibron's burrowing asp";"Atractaspis bibronii";"Rwanda"
2;"Variable burrowing asp";"Atractaspis irregularis";"Rwanda"
1;"Puff adder";"Bitis arietans";"Rwanda"
2;"East African Gaboon viper";"Bitis gabonica";"Rwanda"
2;"Rhinoceros viper";"Bitis nasicornis";"Rwanda"
1;"Jameson's mamba";"Dendroaspis jamesoni";"Rwanda"
2;"Black mamba";"Dendroaspis polylepis";"Rwanda"
2;"Boomslang";"Dispholidus typus";"Rwanda"
2;"Banded water cobra";"Naja annulata";"Rwanda"
2;"Forest cobra";"Naja melanoleuca";"Rwanda"
1;"Black-necked spitting cobra";"Naja nigricollis";"Rwanda"
2;"Gold's tree cobra";"Pseudohaje goldii";"Rwanda"
2;"Forest vine or twig snake";"Thelotornis kirtlandii";"Rwanda"
1;"Saint Lucia pitviper";"Bothrops caribbaeus";"Saint Lucia"
1;"Jameson's mamba";"Dendroaspis jamesoni";"Sao Tome and Principe"
1;"Forest cobra";"Naja melanoleuca";"Sao Tome and Principe"
1;"Anderson's mole viper";"Atractaspis andersonii";"Saudi Arabia"
2;"Israeli mole viper";"Atractaspis engaddensis";"Saudi Arabia"
2;"Puff adder";"Bitis arietans";"Saudi Arabia"
2;"Horned viper";"Cerastes cerastes";"Saudi Arabia"
1;"Arabian horned viper";"Cerastes gasperettii";"Saudi Arabia"
1;"Arabian carpet viper";"Echis borkini";"Saudi Arabia"
1;"Burton's carpet viper";"Echis coloratus";"Saudi Arabia"
2;"Arabian cobra";"Naja arabica";"Saudi Arabia"
2;"Field's horned viper";"Pseudocerastes fieldi";"Saudi Arabia"
2;"Desert cobra";"Walterinnesia aegyptia";"Saudi Arabia"
2;"Morgan's desert cobra";"Walterinnesia morgani";"Saudi Arabia"
1;"Puff adder";"Bitis arietans";"Senegal"
2;"Black mamba";"Dendroaspis polylepis";"Senegal"
2;"Western green mamba";"Dendroaspis viridis";"Senegal"
2;"Boomslang";"Dispholidus typus";"Senegal"
1;"Joger's carpet viper";"Echis jogeri";"Senegal"
1;"White-bellied carpet viper";"Echis leucogaster";"Senegal"
1;"West African brown spitting cobra";"Naja katiensis";"Senegal"
2;"Forest cobra";"Naja melanoleuca";"Senegal"
1;"Black-necked spitting cobra";"Naja nigricollis";"Senegal"
2;"Senegalese cobra";"Naja senegalensis";"Senegal"
1;"Nose-horned viper";"Vipera ammodytes";"Serbia"
2;"European adder";"Vipera berus";"Serbia"
2;"Meadow viper";"Vipera ursinii";"Serbia"
2;"West African bush viper";"Atheris chlorechis";"Sierra Leone"
2;"Variable burrowing asp";"Atractaspis irregularis";"Sierra Leone"
1;"Puff adder";"Bitis arietans";"Sierra Leone"
2;"Rhinoceros viper";"Bitis nasicornis";"Sierra Leone"
2;"West African Gaboon viper";"Bitis rhinoceros";"Sierra Leone"
1;"Western green mamba";"Dendroaspis viridis";"Sierra Leone"
2;"Boomslang";"Dispholidus typus";"Sierra Leone"
2;"Forest cobra";"Naja melanoleuca";"Sierra Leone"
1;"Black-necked spitting cobra";"Naja nigricollis";"Sierra Leone"
2;"Black tree cobra";"Pseudohaje nigra";"Sierra Leone"
2;"Forest vine or twig snake";"Thelotornis kirtlandii";"Sierra Leone"
1;"Malayan krait";"Bungarus candidus";"Singapore"
2;"Banded krait";"Bungarus fasciatus";"Singapore"
2;"Blue coralsnake";"Calliophis bivirgatus";"Singapore"
2;"Striped coralsnake";"Calliophis intestinalis";"Singapore"
2;"Shore pitviper";"Cryptelytrops purpureomaculatus";"Singapore"
1;"Equatorial spitting cobra";"Naja sumatrana";"Singapore"
2;"European adder";"Vipera berus";"Slovakia"
1;"Nose-horned viper";"Vipera ammodytes";"Slovenia"
2;"European adder";"Vipera berus";"Slovenia"
2;"Meadow viper";"Vipera ursinii";"Slovenia"
2;"False burrowing asp";"Atractaspis fallax";"Somalia"
1;"Puff adder";"Bitis arietans";"Somalia"
1;"Black mamba";"Dendroaspis polylepis";"Somalia"
2;"Boomslang";"Dispholidus typus";"Somalia"
2;"Hughes' carpet viper";"Echis hughesi";"Somalia"
1;"East African carpet viper";"Echis pyramidum";"Somalia"
1;"Ashe's spitting cobra";"Naja ashei";"Somalia"
1;"Egyptian cobra";"Naja haje";"Somalia"
2;"Forest cobra";"Naja melanoleuca";"Somalia"
2;"Red spitting cobra";"Naja pallida";"Somalia"
2;"Mozambique vine snake";"Thelotornis mossambicanus";"Somalia"
2;"Bibron's burrowing asp";"Atractaspis bibronii";"South Africa"
1;"Puff adder";"Bitis arietans";"South Africa"
2;"East African Gaboon viper";"Bitis gabonica";"South Africa"
1;"Eastern green mamba";"Dendroaspis angusticeps";"South Africa"
1;"Black mamba";"Dendroaspis polylepis";"South Africa"
2;"Boomslang";"Dispholidus typus";"South Africa"
2;"Rinkhals spitting cobra";"Hemachatus haemachatus";"South Africa"
1;"Snouted cobra";"Naja annulifera";"South Africa"
2;"Forest cobra";"Naja melanoleuca";"South Africa"
1;"Mozambique spitting cobra";"Naja mossambica";"South Africa"
2;"Zebra cobra";"Naja nigricincta";"South Africa"
1;"Cape cobra";"Naja nivea";"South Africa"
2;"Savanna vine or twig snake";"Thelotornis capensis";"South Africa"
2;"Asp viper";"Vipera aspis";"Spain"
2;"Lataste's viper";"Vipera latastei";"Spain"
2;"Portuguese viper";"Vipera seoanei";"Spain"
1;"Indian krait";"Bungarus caeruleus";"Sri Lanka"
2;"Ceylon krait";"Bungarus ceylonicus";"Sri Lanka"
1;"Russell's viper";"Daboia russelii";"Sri Lanka"
2;"Saw-scaled viper";"Echis carinatus";"Sri Lanka"
1;"Hump-nosed pitviper";"Hypnale hypnale";"Sri Lanka"
2;"Sri Lankan hump-nosed pitviper";"Hypnale nepa";"Sri Lanka"
1;"Indian cobra";"Naja naja";"Sri Lanka"
2;"Sri Lankan green pitviper";"Trimeresurus trigonocephalus";"Sri Lanka"
2;"False burrowing asp";"Atractaspis fallax";"Sudan"
2;"Variable burrowing asp";"Atractaspis irregularis";"Sudan"
1;"Puff adder";"Bitis arietans";"Sudan"
2;"East African Gaboon viper";"Bitis gabonica";"Sudan"
2;"Rhinoceros viper";"Bitis nasicornis";"Sudan"
2;"Horned viper";"Cerastes cerastes";"Sudan"
2;"Jameson's mamba";"Dendroaspis jamesoni";"Sudan"
2;"Black mamba";"Dendroaspis polylepis";"Sudan"
2;"Boomslang";"Dispholidus typus";"Sudan"
1;"Burton's carpet viper";"Echis coloratus";"Sudan"
1;"East African carpet viper";"Echis pyramidum";"Sudan"
1;"Egyptian cobra";"Naja haje";"Sudan"
2;"Forest cobra";"Naja melanoleuca";"Sudan"
1;"Black-necked spitting cobra";"Naja nigricollis";"Sudan"
2;"Nubian spitting cobra";"Naja nubiae";"Sudan"
2;"Red spitting cobra";"Naja pallida";"Sudan"
1;"Common lancehead";"Bothrops atrox";"Suriname"
1;"Two-striped forest-pitviper";"Bothrops bilineatus";"Suriname"
1;"Brazil's lancehead";"Bothrops brazili";"Suriname"
2;"Speckled forest-pitviper";"Bothrops taeniatus";"Suriname"
1;"South American rattlesnake";"Crotalus durissus";"Suriname"
2;"Bushmaster";"Lachesis muta";"Suriname"
2;"South American coralsnake";"Micrurus lemniscatus";"Suriname"
2;"Coralsnakes";"Micrurus spp.";"Suriname"
2;"Aquatic coralsnake";"Micrurus surinamensis";"Suriname"
2;"Bibron's burrowing asp";"Atractaspis bibronii";"Swaziland"
1;"Puff adder";"Bitis arietans";"Swaziland"
1;"Black mamba";"Dendroaspis polylepis";"Swaziland"
2;"Boomslang";"Dispholidus typus";"Swaziland"
2;"Rinkhals spitting cobra";"Hemachatus haemachatus";"Swaziland"
1;"Snouted cobra";"Naja annulifera";"Swaziland"
1;"Mozambique spitting cobra";"Naja mossambica";"Swaziland"
2;"Savanna vine or twig snake";"Thelotornis capensis";"Swaziland"
1;"European adder";"Vipera berus";"Sweden"
2;"Asp viper";"Vipera aspis";"Switzerland"
2;"European adder";"Vipera berus";"Switzerland"
1;"Palestine viper";"Daboia palaestinae";"Syrian Arab Republic"
1;"Levant viper";"Macrovipera lebetina";"Syrian Arab Republic"
2;"Field's horned viper";"Pseudocerastes fieldi";"Syrian Arab Republic"
1;"Saw-scaled viper";"Echis carinatus";"Tajikistan"
1;"Halys pitviper";"Gloydius halys";"Tajikistan"
1;"Levant viper";"Macrovipera lebetina";"Tajikistan"
1;"Central Asian cobra";"Naja oxiana";"Tajikistan"
2;"Steppe viper";"Vipera renardi";"Tajikistan"
1;"Malayan krait";"Bungarus candidus";"Thailand"
2;"Banded krait";"Bungarus fasciatus";"Thailand"
2;"Red-headed krait";"Bungarus flaviceps";"Thailand"
2;"Blue coralsnake";"Calliophis bivirgatus";"Thailand"
2;"Striped coralsnake";"Calliophis intestinalis";"Thailand"
1;"Malayan pitviper";"Calloselasma rhodostoma";"Thailand"
1;"White-lipped pitviper";"Cryptelytrops albolabris";"Thailand"
2;"Big-eyed pitviper";"Cryptelytrops macrops";"Thailand"
1;"Siamese Russell's viper";"Daboia siamensis";"Thailand"
1;"Monocellate cobra";"Naja kaouthia";"Thailand"
1;"Siamese spitting cobra";"Naja siamensis";"Thailand"
2;"Equatorial spitting cobra";"Naja sumatrana";"Thailand"
2;"King cobra";"Ophiophagus hannah";"Thailand"
2;"Sumatran pitviper";"Parias sumatranus";"Thailand"
1;"Nose-horned viper";"Vipera ammodytes";"The former Yugoslav Republic of Macedonia"
2;"European adder";"Vipera berus";"The former Yugoslav Republic of Macedonia"
2;"Meadow viper";"Vipera ursinii";"The former Yugoslav Republic of Macedonia"
1;"White-lipped island pitviper";"Cryptelytrops insularis";"Timor-Leste"
2;"Southern Indonesian spitting cobra";"Naja sputatrix";"Timor-Leste"
2;"West African bush viper";"Atheris chlorechis";"Togo"
2;"Variable burrowing asp";"Atractaspis irregularis";"Togo"
1;"Puff adder";"Bitis arietans";"Togo"
2;"Rhinoceros viper";"Bitis nasicornis";"Togo"
2;"West African Gaboon viper";"Bitis rhinoceros";"Togo"
2;"Jameson's mamba";"Dendroaspis jamesoni";"Togo"
2;"Western green mamba";"Dendroaspis viridis";"Togo"
2;"Boomslang";"Dispholidus typus";"Togo"
1;"West African carpet viper";"Echis ocellatus";"Togo"
2;"West African brown spitting cobra";"Naja katiensis";"Togo"
2;"Forest cobra";"Naja melanoleuca";"Togo"
1;"Black-necked spitting cobra";"Naja nigricollis";"Togo"
1;"Senegalese cobra";"Naja senegalensis";"Togo"
2;"Gold's tree cobra";"Pseudohaje goldii";"Togo"
2;"Black tree cobra";"Pseudohaje nigra";"Togo"
2;"Forest vine or twig snake";"Thelotornis kirtlandii";"Togo"
1;"Lancehead";"Bothrops cf. atrox";"Trinidad and Tobago"
2;"Bushmaster";"Lachesis muta";"Trinidad and Tobago"
2;"Trinidad coralsnake";"Micrurus circinalis";"Trinidad and Tobago"
2;"South American coralsnake";"Micrurus lemniscatus";"Trinidad and Tobago"
2;"Horned viper";"Cerastes cerastes";"Tunisia"
2;"Desert viper";"Daboia deserti";"Tunisia"
1;"Moorish viper";"Daboia mauritanica";"Tunisia"
2;"White-bellied carpet viper";"Echis leucogaster";"Tunisia"
2;"Levant viper";"Macrovipera lebetina";"Tunisia"
2;"Egyptian cobra";"Naja haje";"Tunisia"
2;"Lataste's viper";"Vipera latastei";"Tunisia"
1;"Levant viper";"Macrovipera lebetina";"Turkey"
2;"Caucasus viper";"Montivipera raddei";"Turkey"
1;"Ottoman viper";"Montivipera xanthina";"Turkey"
2;"Nose-horned viper";"Vipera ammodytes";"Turkey"
2;"Armenian adder";"Vipera eriwanensis";"Turkey"
2;"Adders";"Vipera spp.";"Turkey"
2;"Morgan's desert cobra";"Walterinnesia morgani";"Turkey"
1;"Saw-scaled viper";"Echis carinatus";"Turkmenistan"
1;"Halys pitviper";"Gloydius halys";"Turkmenistan"
1;"Levant viper";"Macrovipera lebetina";"Turkmenistan"
1;"Central Asian cobra";"Naja oxiana";"Turkmenistan"
2;"Variable bush viper";"Atheris squamigera";"Uganda"
2;"Variable burrowing asp";"Atractaspis irregularis";"Uganda"
1;"Puff adder";"Bitis arietans";"Uganda"
1;"East African Gaboon viper";"Bitis gabonica";"Uganda"
2;"Rhinoceros viper";"Bitis nasicornis";"Uganda"
1;"Jameson's mamba";"Dendroaspis jamesoni";"Uganda"
1;"Black mamba";"Dendroaspis polylepis";"Uganda"
2;"Boomslang";"Dispholidus typus";"Uganda"
1;"Ashe's spitting cobra";"Naja ashei";"Uganda"
1;"Egyptian cobra";"Naja haje";"Uganda"
2;"Forest cobra";"Naja melanoleuca";"Uganda"
1;"Black-necked spitting cobra";"Naja nigricollis";"Uganda"
2;"Gold's tree cobra";"Pseudohaje goldii";"Uganda"
2;"Forest vine or twig snake";"Thelotornis kirtlandii";"Uganda"
2;"European adder";"Vipera berus";"Ukraine"
2;"Nikolsky's viper";"Vipera nikolskii";"Ukraine"
2;"Steppe viper";"Vipera renardi";"Ukraine"
2;"Meadow viper";"Vipera ursinii";"Ukraine"
2;"Arabian horned viper";"Cerastes gasperettii";"United Arab Emirates"
1;"Saw-scaled viper";"Echis carinatus";"United Arab Emirates"
1;"Oman carpet viper";"Echis omanensis";"United Arab Emirates"
2;"Persian horned viper";"Pseudocerastes persicus";"United Arab Emirates"
1;"European adder";"Vipera berus";"United Kingdom of Great Britain and Northern Ireland"
2;"Variable bush viper";"Atheris squamigera";"United Republic of Tanzania"
2;"Bibron's burrowing asp";"Atractaspis bibronii";"United Republic of Tanzania"
2;"False burrowing asp";"Atractaspis fallax";"United Republic of Tanzania"
2;"Variable burrowing asp";"Atractaspis irregularis";"United Republic of Tanzania"
1;"Puff adder";"Bitis arietans";"United Republic of Tanzania"
2;"East African Gaboon viper";"Bitis gabonica";"United Republic of Tanzania"
2;"Rhinoceros viper";"Bitis nasicornis";"United Republic of Tanzania"
1;"Eastern green mamba";"Dendroaspis angusticeps";"United Republic of Tanzania"
1;"Black mamba";"Dendroaspis polylepis";"United Republic of Tanzania"
2;"Boomslang";"Dispholidus typus";"United Republic of Tanzania"
2;"Banded water cobra";"Naja annulata";"United Republic of Tanzania"
2;"Ashe's spitting cobra";"Naja ashei";"United Republic of Tanzania"
2;"Egyptian cobra";"Naja haje";"United Republic of Tanzania"
2;"Forest cobra";"Naja melanoleuca";"United Republic of Tanzania"
1;"Mozambique spitting cobra";"Naja mossambica";"United Republic of Tanzania"
1;"Black-necked spitting cobra";"Naja nigricollis";"United Republic of Tanzania"
2;"Red spitting cobra";"Naja pallida";"United Republic of Tanzania"
2;"Lowland swamp viper";"Proatheris superciliaris";"United Republic of Tanzania"
2;"Savanna vine or twig snake";"Thelotornis capensis";"United Republic of Tanzania"
2;"Forest vine or twig snake";"Thelotornis kirtlandii";"United Republic of Tanzania"
2;"Mozambique vine snake";"Thelotornis mossambicanus";"United Republic of Tanzania"
2;"Usambara vine snake";"Thelotornis usambaricus";"United Republic of Tanzania"
1;"Copperhead";"Agkistrodon contortrix";"United States of America"
1;"Water mocassin";"Agkistrodon piscivorus";"United States of America"
1;"Eastern diamondback rattlesnake";"Crotalus adamanteus";"United States of America"
1;"Western diamondback rattlesnake";"Crotalus atrox";"United States of America"
1;"Timber rattlesnake";"Crotalus horridus";"United States of America"
2;"Black-tailed rattlesnake";"Crotalus molossus";"United States of America"
1;"North Pacific rattlesnake";"Crotalus oreganus";"United States of America"
2;"Red diamondback rattlesnake";"Crotalus ruber";"United States of America"
1;"Mojave rattlesnake";"Crotalus scutulatus";"United States of America"
2;"Rattlesnakes";"Crotalus spp.";"United States of America"
1;"Western rattlesnake";"Crotalus viridis";"United States of America"
2;"Harlequin coralsnake";"Micrurus fulvius";"United States of America"
2;"Texas coralsnake";"Micrurus tener";"United States of America"
2;"Massasauga";"Sistrurus catenatus";"United States of America"
2;"Pygmy rattlesnake";"Sistrurus miliarius";"United States of America"
1;"Urutu";"Bothrops alternatus";"Uruguay"
2;"Pampas lancehead";"Bothrops pubescens";"Uruguay"
1;"South American rattlesnake";"Crotalus durissus";"Uruguay"
2;"Painted coralsnake";"Micrurus corallinus";"Uruguay"
2;"Coralsnakes";"Micrurus spp.";"Uruguay"
1;"Saw-scaled viper";"Echis carinatus";"Uzbekistan"
1;"Halys pitviper";"Gloydius halys";"Uzbekistan"
1;"Levant viper";"Macrovipera lebetina";"Uzbekistan"
1;"Central Asian cobra";"Naja oxiana";"Uzbekistan"
2;"Steppe viper";"Vipera renardi";"Uzbekistan"
2;"Eyelash palm-pitviper";"Bothriechis schlegelii";"Venezuela (Bolivarian Republic of)"
2;"Terciopelo";"Bothrops asper";"Venezuela (Bolivarian Republic of)"
1;"Common lancehead";"Bothrops atrox";"Venezuela (Bolivarian Republic of)"
2;"Two-striped forest-pitviper";"Bothrops bilineatus";"Venezuela (Bolivarian Republic of)"
2;"Brazil's lancehead";"Bothrops brazili";"Venezuela (Bolivarian Republic of)"
1;"Lancehead";"Bothrops cf. atrox";"Venezuela (Bolivarian Republic of)"
1;"Venezuelan lancehead";"Bothrops venezuelensis";"Venezuela (Bolivarian Republic of)"
1;"South American rattlesnake";"Crotalus durissus";"Venezuela (Bolivarian Republic of)"
2;"Bushmaster";"Lachesis muta";"Venezuela (Bolivarian Republic of)"
2;"Trinidad coralsnake";"Micrurus circinalis";"Venezuela (Bolivarian Republic of)"
2;"South American coralsnake";"Micrurus lemniscatus";"Venezuela (Bolivarian Republic of)"
2;"Red-tailed coralsnake";"Micrurus mipartitus";"Venezuela (Bolivarian Republic of)"
2;"Amazonian coralsnake";"Micrurus spixii";"Venezuela (Bolivarian Republic of)"
2;"Coralsnakes";"Micrurus spp.";"Venezuela (Bolivarian Republic of)"
2;"Aquatic coralsnake";"Micrurus surinamensis";"Venezuela (Bolivarian Republic of)"
2;"Lansberg's hognosed pitviper";"Porthidium lansbergii";"Venezuela (Bolivarian Republic of)"
1;"Malayan krait";"Bungarus candidus";"Viet Nam"
2;"Banded krait";"Bungarus fasciatus";"Viet Nam"
2;"Red-headed krait";"Bungarus flaviceps";"Viet Nam"
1;"Many-banded krait";"Bungarus multicinctus";"Viet Nam"
1;"Red River krait";"Bungarus slowinskii";"Viet Nam"
1;"Malayan pitviper";"Calloselasma rhodostoma";"Viet Nam"
1;"White-lipped pitviper";"Cryptelytrops albolabris";"Viet Nam"
2;"Big-eyed pitviper";"Cryptelytrops macrops";"Viet Nam"
1;"Sharp-nosed pitviper";"Deinagkistrodon acutus";"Viet Nam"
1;"Chinese cobra";"Naja atra";"Viet Nam"
1;"Monocellate cobra";"Naja kaouthia";"Viet Nam"
2;"Siamese spitting cobra";"Naja siamensis";"Viet Nam"
2;"King cobra";"Ophiophagus hannah";"Viet Nam"
2;"Jerdon's pitviper";"Protobothrops jerdonii";"Viet Nam"
2;"Brown-spotted pitviper";"Protobothrops mucrosquamatus";"Viet Nam"
2;"Stejneger's bamboo pitviper";"Viridovipera stejnegeri";"Viet Nam"
2;"Israeli mole viper";"Atractaspis engaddensis";"West Bank & Gaza Strip"
2;"Horned viper";"Cerastes cerastes";"West Bank & Gaza Strip"
1;"Palestine viper";"Daboia palaestinae";"West Bank & Gaza Strip"
1;"Burton's carpet viper";"Echis coloratus";"West Bank & Gaza Strip"
2;"Field's horned viper";"Pseudocerastes fieldi";"West Bank & Gaza Strip"
2;"Desert cobra";"Walterinnesia aegyptia";"West Bank & Gaza Strip"
2;"Puff adder";"Bitis arietans";"Western Sahara"
1;"Horned viper";"Cerastes cerastes";"Western Sahara"
2;"Egyptian cobra";"Naja haje";"Western Sahara"
1;"Anderson's mole viper";"Atractaspis andersonii";"Yemen"
1;"Puff adder";"Bitis arietans";"Yemen"
2;"Horned viper";"Cerastes cerastes";"Yemen"
2;"Arabian horned viper";"Cerastes gasperettii";"Yemen"
1;"Arabian carpet viper";"Echis borkini";"Yemen"
1;"Burton's carpet viper";"Echis coloratus";"Yemen"
2;"Khosatzki's carpet viper";"Echis khosatzkii";"Yemen"
1;"Arabian cobra";"Naja arabica";"Yemen"
2;"Bibron's burrowing asp";"Atractaspis bibronii";"Zambia"
1;"Puff adder";"Bitis arietans";"Zambia"
1;"East African Gaboon viper";"Bitis gabonica";"Zambia"
1;"Black mamba";"Dendroaspis polylepis";"Zambia"
2;"Boomslang";"Dispholidus typus";"Zambia"
1;"Anchieta's cobra";"Naja anchietae";"Zambia"
2;"Banded water cobra";"Naja annulata";"Zambia"
1;"Snouted cobra";"Naja annulifera";"Zambia"
2;"Forest cobra";"Naja melanoleuca";"Zambia"
1;"Mozambique spitting cobra";"Naja mossambica";"Zambia"
1;"Black-necked spitting cobra";"Naja nigricollis";"Zambia"
2;"Savanna vine or twig snake";"Thelotornis capensis";"Zambia"
2;"Forest vine or twig snake";"Thelotornis kirtlandii";"Zambia"
2;"Mozambique vine snake";"Thelotornis mossambicanus";"Zambia"
2;"Bibron's burrowing asp";"Atractaspis bibronii";"Zimbabwe"
1;"Puff adder";"Bitis arietans";"Zimbabwe"
2;"East African Gaboon viper";"Bitis gabonica";"Zimbabwe"
2;"Eastern green mamba";"Dendroaspis angusticeps";"Zimbabwe"
1;"Black mamba";"Dendroaspis polylepis";"Zimbabwe"
2;"Boomslang";"Dispholidus typus";"Zimbabwe"
2;"Rinkhals spitting cobra";"Hemachatus haemachatus";"Zimbabwe"
1;"Anchieta's cobra";"Naja anchietae";"Zimbabwe"
1;"Snouted cobra";"Naja annulifera";"Zimbabwe"
2;"Forest cobra";"Naja melanoleuca";"Zimbabwe"
1;"Mozambique spitting cobra";"Naja mossambica";"Zimbabwe"
2;"Savanna vine or twig snake";"Thelotornis capensis";"Zimbabwe"
2;"Mozambique vine snake";"Thelotornis mossambicanus";"Zimbabwe"
